files_path,formula,miller_index,termination,ads_position,slab+H,1/2H2,slab,surface_area,Eads,workfunction
/lustre/home/acct-umjzhh/umjzhh-3/wyw/i0/ads_ht_revised_response/Mg_001_1/H3,Mg,001,1,H3,-9.08607,-3.388,-5.51403,8.71372,0.00596,3.614
/lustre/home/acct-umjzhh/umjzhh-3/wyw/i0/ads_ht_revised_response/Mg_001_1/H2,Mg,001,1,H2,-9.08425,-3.388,-5.51403,8.71372,0.00778,3.614
/lustre/home/acct-umjzhh/umjzhh-3/wyw/i0/ads_ht_revised_response/Mg_001_1/H4,Mg,001,1,H4,-9.0049,-3.388,-5.51403,8.71372,0.08713,3.614
/lustre/home/acct-umjzhh/umjzhh-3/wyw/i0/ads_ht_revised_response/Mg_001_1/H1,Mg,001,1,H1,-8.02183,-3.388,-5.51403,8.71372,1.0702,3.614
/lustre/home/acct-umjzhh/umjzhh-3/wyw/i0/ads_ht_revised_response/CeMg12_101_1/H3,CeMg12,101,1,H3,-111.21425,-3.388,-107.57968,61.88274,-0.05657,3.6314
/lustre/home/acct-umjzhh/umjzhh-3/wyw/i0/ads_ht_revised_response/CeMg12_101_1/H9,CeMg12,101,1,H9,-111.13704,-3.388,-107.57968,61.88274,0.02064,3.6314
/lustre/home/acct-umjzhh/umjzhh-3/wyw/i0/ads_ht_revised_response/CeMg12_101_1/H5,CeMg12,101,1,H5,-111.07811,-3.388,-107.57968,61.88274,0.07957,3.6314
/lustre/home/acct-umjzhh/umjzhh-3/wyw/i0/ads_ht_revised_response/CeMg12_101_1/H4,CeMg12,101,1,H4,-111.07707,-3.388,-107.57968,61.88274,0.08061,3.6314
/lustre/home/acct-umjzhh/umjzhh-3/wyw/i0/ads_ht_revised_response/CeMg12_101_1/H8,CeMg12,101,1,H8,-111.07448,-3.388,-107.57968,61.88274,0.0832,3.6314
/lustre/home/acct-umjzhh/umjzhh-3/wyw/i0/ads_ht_revised_response/CeMg12_101_1/H7,CeMg12,101,1,H7,-110.79205,-3.388,-107.57968,61.88274,0.36563,3.6314
/lustre/home/acct-umjzhh/umjzhh-3/wyw/i0/ads_ht_revised_response/CeMg12_101_1/H6,CeMg12,101,1,H6,-110.79026,-3.388,-107.57968,61.88274,0.36742,3.6314
/lustre/home/acct-umjzhh/umjzhh-3/wyw/i0/ads_ht_revised_response/CeMg12_101_1/H1,CeMg12,101,1,H1,-110.6757,-3.388,-107.57968,61.88274,0.48198,3.6314
/lustre/home/acct-umjzhh/umjzhh-3/wyw/i0/ads_ht_revised_response/CeMg12_101_1/H2,CeMg12,101,1,H2,-110.29165,-3.388,-107.57968,61.88274,0.86603,3.6314
/lustre/home/acct-umjzhh/umjzhh-3/wyw/i0/ads_ht_revised_response/LaMg12_001_2/H6,LaMg12,001,2,H6,-236.22343,-3.388,-232.32231,107.41519,-0.32312,3.2759
/lustre/home/acct-umjzhh/umjzhh-3/wyw/i0/ads_ht_revised_response/LaMg12_001_2/H2,LaMg12,001,2,H2,-236.22314,-3.388,-232.32231,107.41519,-0.32283,3.2759
/lustre/home/acct-umjzhh/umjzhh-3/wyw/i0/ads_ht_revised_response/LaMg12_001_2/H7,LaMg12,001,2,H7,-235.91466,-3.388,-232.32231,107.41519,-0.01435,3.2759
/lustre/home/acct-umjzhh/umjzhh-3/wyw/i0/ads_ht_revised_response/LaMg12_001_2/H4,LaMg12,001,2,H4,-235.91015,-3.388,-232.32231,107.41519,-0.00984,3.2759
/lustre/home/acct-umjzhh/umjzhh-3/wyw/i0/ads_ht_revised_response/LaMg12_001_2/H8,LaMg12,001,2,H8,-235.90656,-3.388,-232.32231,107.41519,-0.00625,3.2759
/lustre/home/acct-umjzhh/umjzhh-3/wyw/i0/ads_ht_revised_response/LaMg12_001_2/H11,LaMg12,001,2,H11,-235.9014,-3.388,-232.32231,107.41519,-0.00109,3.2759
/lustre/home/acct-umjzhh/umjzhh-3/wyw/i0/ads_ht_revised_response/LaMg12_001_2/H12,LaMg12,001,2,H12,-235.802,-3.388,-232.32231,107.41519,0.09831,3.2759
/lustre/home/acct-umjzhh/umjzhh-3/wyw/i0/ads_ht_revised_response/LaMg12_001_2/H9,LaMg12,001,2,H9,-235.75212,-3.388,-232.32231,107.41519,0.14819,3.2759
/lustre/home/acct-umjzhh/umjzhh-3/wyw/i0/ads_ht_revised_response/LaMg12_001_2/H3,LaMg12,001,2,H3,-235.68684,-3.388,-232.32231,107.41519,0.21347,3.2759
/lustre/home/acct-umjzhh/umjzhh-3/wyw/i0/ads_ht_revised_response/LaMg12_001_2/H5,LaMg12,001,2,H5,-235.68011,-3.388,-232.32231,107.41519,0.2202,3.2759
/lustre/home/acct-umjzhh/umjzhh-3/wyw/i0/ads_ht_revised_response/LaMg12_001_2/H1,LaMg12,001,2,H1,-235.56693,-3.388,-232.32231,107.41519,0.33338,3.2759
/lustre/home/acct-umjzhh/umjzhh-3/wyw/i0/ads_ht_revised_response/LaMg12_001_2/H10,LaMg12,001,2,H10,-235.54724,-3.388,-232.32231,107.41519,0.35307,3.2759
/lustre/home/acct-umjzhh/umjzhh-3/wyw/i0/ads_ht_revised_response/Mg17Al12_111_2/H21,Mg17Al12,111,2,H21,-716.27359,-3.388,-711.88744,192.14562,-0.80815,3.77038
/lustre/home/acct-umjzhh/umjzhh-3/wyw/i0/ads_ht_revised_response/Mg17Al12_111_2/H13,Mg17Al12,111,2,H13,-716.2729,-3.388,-711.88744,192.14562,-0.80746,3.77038
/lustre/home/acct-umjzhh/umjzhh-3/wyw/i0/ads_ht_revised_response/Mg17Al12_111_2/H12,Mg17Al12,111,2,H12,-716.27286,-3.388,-711.88744,192.14562,-0.80742,3.77038
/lustre/home/acct-umjzhh/umjzhh-3/wyw/i0/ads_ht_revised_response/Mg17Al12_111_2/H20,Mg17Al12,111,2,H20,-716.1771,-3.388,-711.88744,192.14562,-0.71166,3.77038
/lustre/home/acct-umjzhh/umjzhh-3/wyw/i0/ads_ht_revised_response/Mg17Al12_111_2/H5,Mg17Al12,111,2,H5,-716.17604,-3.388,-711.88744,192.14562,-0.7106,3.77038
/lustre/home/acct-umjzhh/umjzhh-3/wyw/i0/ads_ht_revised_response/Mg17Al12_111_2/H9,Mg17Al12,111,2,H9,-716.17582,-3.388,-711.88744,192.14562,-0.71038,3.77038
/lustre/home/acct-umjzhh/umjzhh-3/wyw/i0/ads_ht_revised_response/Mg17Al12_111_2/H6,Mg17Al12,111,2,H6,-716.05249,-3.388,-711.88744,192.14562,-0.58705,3.77038
/lustre/home/acct-umjzhh/umjzhh-3/wyw/i0/ads_ht_revised_response/Mg17Al12_111_2/H7,Mg17Al12,111,2,H7,-716.01873,-3.388,-711.88744,192.14562,-0.55329,3.77038
/lustre/home/acct-umjzhh/umjzhh-3/wyw/i0/ads_ht_revised_response/Mg17Al12_111_2/H17,Mg17Al12,111,2,H17,-715.95918,-3.388,-711.88744,192.14562,-0.49374,3.77038
/lustre/home/acct-umjzhh/umjzhh-3/wyw/i0/ads_ht_revised_response/Mg17Al12_111_2/H19,Mg17Al12,111,2,H19,-715.94968,-3.388,-711.88744,192.14562,-0.48424,3.77038
/lustre/home/acct-umjzhh/umjzhh-3/wyw/i0/ads_ht_revised_response/Mg17Al12_111_2/H15,Mg17Al12,111,2,H15,-715.93913,-3.388,-711.88744,192.14562,-0.47369,3.77038
/lustre/home/acct-umjzhh/umjzhh-3/wyw/i0/ads_ht_revised_response/Mg17Al12_111_2/H8,Mg17Al12,111,2,H8,-715.92799,-3.388,-711.88744,192.14562,-0.46255,3.77038
/lustre/home/acct-umjzhh/umjzhh-3/wyw/i0/ads_ht_revised_response/Mg17Al12_111_2/H18,Mg17Al12,111,2,H18,-715.89421,-3.388,-711.88744,192.14562,-0.42877,3.77038
/lustre/home/acct-umjzhh/umjzhh-3/wyw/i0/ads_ht_revised_response/Mg17Al12_111_2/H2,Mg17Al12,111,2,H2,-715.8631,-3.388,-711.88744,192.14562,-0.39766,3.77038
/lustre/home/acct-umjzhh/umjzhh-3/wyw/i0/ads_ht_revised_response/Mg17Al12_111_2/H16,Mg17Al12,111,2,H16,-715.86007,-3.388,-711.88744,192.14562,-0.39463,3.77038
/lustre/home/acct-umjzhh/umjzhh-3/wyw/i0/ads_ht_revised_response/Mg17Al12_111_2/H14,Mg17Al12,111,2,H14,-715.84445,-3.388,-711.88744,192.14562,-0.37901,3.77038
/lustre/home/acct-umjzhh/umjzhh-3/wyw/i0/ads_ht_revised_response/Mg17Al12_111_2/H11,Mg17Al12,111,2,H11,-715.84326,-3.388,-711.88744,192.14562,-0.37782,3.77038
/lustre/home/acct-umjzhh/umjzhh-3/wyw/i0/ads_ht_revised_response/Mg17Al12_111_2/H4,Mg17Al12,111,2,H4,-715.84237,-3.388,-711.88744,192.14562,-0.37693,3.77038
/lustre/home/acct-umjzhh/umjzhh-3/wyw/i0/ads_ht_revised_response/Mg17Al12_111_2/H3,Mg17Al12,111,2,H3,-715.78601,-3.388,-711.88744,192.14562,-0.32057,3.77038
/lustre/home/acct-umjzhh/umjzhh-3/wyw/i0/ads_ht_revised_response/Mg17Al12_111_2/H10,Mg17Al12,111,2,H10,-715.67444,-3.388,-711.88744,192.14562,-0.209,3.77038
/lustre/home/acct-umjzhh/umjzhh-3/wyw/i0/ads_ht_revised_response/Mg17Al12_111_2/H22,Mg17Al12,111,2,H22,-715.51492,-3.388,-711.88744,192.14562,-0.04948,3.77038
/lustre/home/acct-umjzhh/umjzhh-3/wyw/i0/ads_ht_revised_response/Mg17Al12_111_2/H1,Mg17Al12,111,2,H1,-715.46158,-3.388,-711.88744,192.14562,0.00386,3.77038
/lustre/home/acct-umjzhh/umjzhh-3/wyw/i0/ads_ht_revised_response/Mg2Al3_001_5/H3,Mg2Al3,001,5,H3,-202.7077,-3.388,-199.08895,41.53417,-0.04075,3.57536
/lustre/home/acct-umjzhh/umjzhh-3/wyw/i0/ads_ht_revised_response/Mg2Al3_001_5/H2,Mg2Al3,001,5,H2,-202.61058,-3.388,-199.08895,41.53417,0.05637,3.57536
/lustre/home/acct-umjzhh/umjzhh-3/wyw/i0/ads_ht_revised_response/Mg2Al3_001_5/H1,Mg2Al3,001,5,H1,-202.61058,-3.388,-199.08895,41.53417,0.05637,3.57536
/lustre/home/acct-umjzhh/umjzhh-3/wyw/i0/ads_ht_revised_response/Mg2Al3_001_5/H4,Mg2Al3,001,5,H4,-202.58379,-3.388,-199.08895,41.53417,0.08316,3.57536
/lustre/home/acct-umjzhh/umjzhh-3/wyw/i0/ads_ht_revised_response/Mg2Al3_001_5/H5,Mg2Al3,001,5,H5,-202.58275,-3.388,-199.08895,41.53417,0.0842,3.57536
/lustre/home/acct-umjzhh/umjzhh-3/wyw/i0/ads_ht_revised_response/Mg2Al3_001_5/H6,Mg2Al3,001,5,H6,-202.168,-3.388,-199.08895,41.53417,0.49895,3.57536
/lustre/home/acct-umjzhh/umjzhh-3/wyw/i0/ads_ht_revised_response/NdMg3_111_1/H2,NdMg3,111,1,H2,-56.09692,-3.388,-52.82256,23.82765,0.31364,2.9989
/lustre/home/acct-umjzhh/umjzhh-3/wyw/i0/ads_ht_revised_response/NdMg3_111_1/H4,NdMg3,111,1,H4,-56.0529,-3.388,-52.82256,23.82765,0.35766,2.9989
/lustre/home/acct-umjzhh/umjzhh-3/wyw/i0/ads_ht_revised_response/NdMg3_111_1/H1,NdMg3,111,1,H1,-55.95908,-3.388,-52.82256,23.82765,0.45148,2.9989
/lustre/home/acct-umjzhh/umjzhh-3/wyw/i0/ads_ht_revised_response/NdMg3_111_1/H3,NdMg3,111,1,H3,-55.71493,-3.388,-52.82256,23.82765,0.69563,2.9989
/lustre/home/acct-umjzhh/umjzhh-3/wyw/i0/ads_ht_revised_response/Y5Mg24_100_1/H7,Y5Mg24,100,1,H7,-425.75793,-3.388,-421.79534,127.1816,-0.38459,3.29814
/lustre/home/acct-umjzhh/umjzhh-3/wyw/i0/ads_ht_revised_response/Y5Mg24_100_1/H5,Y5Mg24,100,1,H5,-425.75406,-3.388,-421.79534,127.1816,-0.38072,3.29814
/lustre/home/acct-umjzhh/umjzhh-3/wyw/i0/ads_ht_revised_response/Y5Mg24_100_1/H3,Y5Mg24,100,1,H3,-425.68061,-3.388,-421.79534,127.1816,-0.30727,3.29814
/lustre/home/acct-umjzhh/umjzhh-3/wyw/i0/ads_ht_revised_response/Y5Mg24_100_1/H8,Y5Mg24,100,1,H8,-425.63529,-3.388,-421.79534,127.1816,-0.26195,3.29814
/lustre/home/acct-umjzhh/umjzhh-3/wyw/i0/ads_ht_revised_response/Y5Mg24_100_1/H2,Y5Mg24,100,1,H2,-425.35717,-3.388,-421.79534,127.1816,0.01617,3.29814
/lustre/home/acct-umjzhh/umjzhh-3/wyw/i0/ads_ht_revised_response/Y5Mg24_100_1/H6,Y5Mg24,100,1,H6,-425.35166,-3.388,-421.79534,127.1816,0.02168,3.29814
/lustre/home/acct-umjzhh/umjzhh-3/wyw/i0/ads_ht_revised_response/Y5Mg24_100_1/H4,Y5Mg24,100,1,H4,-425.29307,-3.388,-421.79534,127.1816,0.08027,3.29814
/lustre/home/acct-umjzhh/umjzhh-3/wyw/i0/ads_ht_revised_response/Y5Mg24_100_1/H1,Y5Mg24,100,1,H1,-425.12826,-3.388,-421.79534,127.1816,0.24508,3.29814
/lustre/home/acct-umjzhh/umjzhh-3/wyw/i0/ads_ht_revised_response/MgZn2_111_4/H3,MgZn2,111,4,H3,-191.22929,-3.388,-187.95031,94.56975,0.27902,3.9687
/lustre/home/acct-umjzhh/umjzhh-3/wyw/i0/ads_ht_revised_response/MgZn2_111_4/H4,MgZn2,111,4,H4,-191.15707,-3.388,-187.95031,94.56975,0.37124,3.9687
/lustre/home/acct-umjzhh/umjzhh-3/wyw/i0/ads_ht_revised_response/MgZn2_111_4/H5,MgZn2,111,4,H5,-191.11934,-3.388,-187.95031,94.56975,0.40897,3.9687
/lustre/home/acct-umjzhh/umjzhh-3/wyw/i0/ads_ht_revised_response/MgZn2_111_4/H2,MgZn2,111,4,H2,-190.78946,-3.388,-187.95031,94.56975,0.73885,3.9687
/lustre/home/acct-umjzhh/umjzhh-3/wyw/i0/ads_ht_revised_response/MgZn2_111_4/H1,MgZn2,111,4,H1,-190.62683,-3.388,-187.95031,94.56975,0.90148,3.9687
/lustre/home/acct-umjzhh/umjzhh-3/wyw/i0/ads_ht_revised_response/MgZn2_111_4/H6,MgZn2,111,4,H6,-190.59817,-3.388,-187.95031,94.56975,0.93014,3.9687
/lustre/home/acct-umjzhh/umjzhh-3/wyw/i0/ads_ht_revised_response/Mg2Si_110_1/H6,Mg2Si,110,1,H6,-213.67069,-3.388,-210.12105,57.26496,0.02836,3.7378
/lustre/home/acct-umjzhh/umjzhh-3/wyw/i0/ads_ht_revised_response/Mg2Si_110_1/H1,Mg2Si,110,1,H1,-213.66912,-3.388,-210.12105,57.26496,0.02993,3.7378
/lustre/home/acct-umjzhh/umjzhh-3/wyw/i0/ads_ht_revised_response/Mg2Si_110_1/H8,Mg2Si,110,1,H8,-213.09962,-3.388,-210.12105,57.26496,0.59943,3.7378
/lustre/home/acct-umjzhh/umjzhh-3/wyw/i0/ads_ht_revised_response/Mg2Si_110_1/H2,Mg2Si,110,1,H2,-213.0993,-3.388,-210.12105,57.26496,0.59975,3.7378
/lustre/home/acct-umjzhh/umjzhh-3/wyw/i0/ads_ht_revised_response/Mg2Si_110_1/H3,Mg2Si,110,1,H3,-213.09904,-3.388,-210.12105,57.26496,0.60001,3.7378
/lustre/home/acct-umjzhh/umjzhh-3/wyw/i0/ads_ht_revised_response/Mg2Si_110_1/H4,Mg2Si,110,1,H4,-213.099,-3.388,-210.12105,57.26496,0.60005,3.7378
/lustre/home/acct-umjzhh/umjzhh-3/wyw/i0/ads_ht_revised_response/Mg2Si_110_1/H5,Mg2Si,110,1,H5,-212.2736,-3.388,-210.12105,57.26496,1.42545,3.7378
/lustre/home/acct-umjzhh/umjzhh-3/wyw/i0/ads_ht_revised_response/Mg2Si_110_1/H7,Mg2Si,110,1,H7,-212.13467,-3.388,-210.12105,57.26496,1.56438,3.7378
/lustre/home/acct-umjzhh/umjzhh-3/wyw/i0/ads_ht_revised_response/NdMg3_110_1/H7,NdMg3,110,1,H7,-192.84895,-3.388,-188.86777,77.51086,-0.40318,3.6566
/lustre/home/acct-umjzhh/umjzhh-3/wyw/i0/ads_ht_revised_response/NdMg3_110_1/H5,NdMg3,110,1,H5,-192.8489,-3.388,-188.86777,77.51086,-0.40313,3.6566
/lustre/home/acct-umjzhh/umjzhh-3/wyw/i0/ads_ht_revised_response/NdMg3_110_1/H6,NdMg3,110,1,H6,-192.7795,-3.388,-188.86777,77.51086,-0.33373,3.6566
/lustre/home/acct-umjzhh/umjzhh-3/wyw/i0/ads_ht_revised_response/NdMg3_110_1/H10,NdMg3,110,1,H10,-192.77796,-3.388,-188.86777,77.51086,-0.33219,3.6566
/lustre/home/acct-umjzhh/umjzhh-3/wyw/i0/ads_ht_revised_response/NdMg3_110_1/H9,NdMg3,110,1,H9,-192.1518,-3.388,-188.86777,77.51086,0.29397,3.6566
/lustre/home/acct-umjzhh/umjzhh-3/wyw/i0/ads_ht_revised_response/NdMg3_110_1/H4,NdMg3,110,1,H4,-192.11664,-3.388,-188.86777,77.51086,0.32913,3.6566
/lustre/home/acct-umjzhh/umjzhh-3/wyw/i0/ads_ht_revised_response/NdMg3_110_1/H1,NdMg3,110,1,H1,-191.87475,-3.388,-188.86777,77.51086,0.57102,3.6566
/lustre/home/acct-umjzhh/umjzhh-3/wyw/i0/ads_ht_revised_response/NdMg3_110_1/H3,NdMg3,110,1,H3,-191.78282,-3.388,-188.86777,77.51086,0.66295,3.6566
/lustre/home/acct-umjzhh/umjzhh-3/wyw/i0/ads_ht_revised_response/CaMg2_111_4/H6,CaMg2,111,4,H6,-174.42093,-3.388,-170.42301,115.30527,-0.41992,3.0479
/lustre/home/acct-umjzhh/umjzhh-3/wyw/i0/ads_ht_revised_response/CaMg2_111_4/H17,CaMg2,111,4,H17,-174.4185,-3.388,-170.42301,115.30527,-0.41749,3.0479
/lustre/home/acct-umjzhh/umjzhh-3/wyw/i0/ads_ht_revised_response/CaMg2_111_4/H11,CaMg2,111,4,H11,-174.39736,-3.388,-170.42301,115.30527,-0.39635,3.0479
/lustre/home/acct-umjzhh/umjzhh-3/wyw/i0/ads_ht_revised_response/CaMg2_111_4/H7,CaMg2,111,4,H7,-174.39629,-3.388,-170.42301,115.30527,-0.39528,3.0479
/lustre/home/acct-umjzhh/umjzhh-3/wyw/i0/ads_ht_revised_response/CaMg2_111_4/H3,CaMg2,111,4,H3,-174.39543,-3.388,-170.42301,115.30527,-0.39442,3.0479
/lustre/home/acct-umjzhh/umjzhh-3/wyw/i0/ads_ht_revised_response/CaMg2_111_4/H14,CaMg2,111,4,H14,-174.39126,-3.388,-170.42301,115.30527,-0.39025,3.0479
/lustre/home/acct-umjzhh/umjzhh-3/wyw/i0/ads_ht_revised_response/CaMg2_111_4/H21,CaMg2,111,4,H21,-174.36895,-3.388,-170.42301,115.30527,-0.36794,3.0479
/lustre/home/acct-umjzhh/umjzhh-3/wyw/i0/ads_ht_revised_response/CaMg2_111_4/H15,CaMg2,111,4,H15,-174.34355,-3.388,-170.42301,115.30527,-0.34254,3.0479
/lustre/home/acct-umjzhh/umjzhh-3/wyw/i0/ads_ht_revised_response/CaMg2_111_4/H2,CaMg2,111,4,H2,-174.33917,-3.388,-170.42301,115.30527,-0.33816,3.0479
/lustre/home/acct-umjzhh/umjzhh-3/wyw/i0/ads_ht_revised_response/CaMg2_111_4/H1,CaMg2,111,4,H1,-174.32528,-3.388,-170.42301,115.30527,-0.32427,3.0479
/lustre/home/acct-umjzhh/umjzhh-3/wyw/i0/ads_ht_revised_response/CaMg2_111_4/H20,CaMg2,111,4,H20,-174.21443,-3.388,-170.42301,115.30527,-0.21342,3.0479
/lustre/home/acct-umjzhh/umjzhh-3/wyw/i0/ads_ht_revised_response/CaMg2_111_4/H5,CaMg2,111,4,H5,-174.18391,-3.388,-170.42301,115.30527,-0.1829,3.0479
/lustre/home/acct-umjzhh/umjzhh-3/wyw/i0/ads_ht_revised_response/CaMg2_111_4/H13,CaMg2,111,4,H13,-174.17986,-3.388,-170.42301,115.30527,-0.17885,3.0479
/lustre/home/acct-umjzhh/umjzhh-3/wyw/i0/ads_ht_revised_response/CaMg2_111_4/H16,CaMg2,111,4,H16,-174.14441,-3.388,-170.42301,115.30527,-0.1434,3.0479
/lustre/home/acct-umjzhh/umjzhh-3/wyw/i0/ads_ht_revised_response/CaMg2_111_4/H10,CaMg2,111,4,H10,-174.14283,-3.388,-170.42301,115.30527,-0.14182,3.0479
/lustre/home/acct-umjzhh/umjzhh-3/wyw/i0/ads_ht_revised_response/CaMg2_111_4/H18,CaMg2,111,4,H18,-174.12929,-3.388,-170.42301,115.30527,-0.12828,3.0479
/lustre/home/acct-umjzhh/umjzhh-3/wyw/i0/ads_ht_revised_response/CaMg2_111_4/H4,CaMg2,111,4,H4,-174.07921,-3.388,-170.42301,115.30527,-0.0782,3.0479
/lustre/home/acct-umjzhh/umjzhh-3/wyw/i0/ads_ht_revised_response/CaMg2_111_4/H8,CaMg2,111,4,H8,-174.07786,-3.388,-170.42301,115.30527,-0.07685,3.0479
/lustre/home/acct-umjzhh/umjzhh-3/wyw/i0/ads_ht_revised_response/CaMg2_111_4/H19,CaMg2,111,4,H19,-173.97104,-3.388,-170.42301,115.30527,0.02997,3.0479
/lustre/home/acct-umjzhh/umjzhh-3/wyw/i0/ads_ht_revised_response/CaMg2_111_4/H12,CaMg2,111,4,H12,-173.87457,-3.388,-170.42301,115.30527,0.12644,3.0479
/lustre/home/acct-umjzhh/umjzhh-3/wyw/i0/ads_ht_revised_response/NdMg3_110_1/H9,NdMg3,110,1,H9,-247.56527,-3.388,-244.57536,77.51086,0.58809,3.6566
/lustre/home/acct-umjzhh/umjzhh-3/wyw/i0/ads_ht_revised_response/NdMg3_110_1/H9,NdMg3,110,1,H11,-248,-3.388,-244.57536,77.51086,-0.24895,3.6566
/lustre/home/acct-umjzhh/umjzhh-3/wyw/i0/ads_ht_revised_response/NdMg3_110_1/H9,NdMg3,110,1,H2,-249,-3.388,-244.57536,77.51086,-0.39809,3.6566
/lustre/home/acct-umjzhh/umjzhh-3/wyw/i0/ads_ht_revised_response/NdMg3_110_1/H9,NdMg3,110,1,H8,-248,-3.388,-244.57536,77.51086,-0.06932,3.6566
/lustre/home/acct-umjzhh/umjzhh-3/wyw/i0/ads_ht_revised_response/Mg2Si_111_2/H2,Mg2Si,111,2,H2,-64.67795,-3.388,-62.13539,17.54369,1.03544,2.9941
/lustre/home/acct-umjzhh/umjzhh-3/wyw/i0/ads_ht_revised_response/Mg2Si_111_2/H3,Mg2Si,111,2,H3,-64.64706,-3.388,-62.13539,17.54369,1.06633,2.9941
/lustre/home/acct-umjzhh/umjzhh-3/wyw/i0/ads_ht_revised_response/Mg2Si_111_2/H1,Mg2Si,111,2,H1,-64.41617,-3.388,-62.13539,17.54369,1.29723,2.9941
/lustre/home/acct-umjzhh/umjzhh-3/wyw/i0/ads_ht_revised_response/Mg2Si_111_2/H4,Mg2Si,111,2,H4,-64.12716,-3.388,-62.13539,17.54369,1.58624,2.9941
